name,age,net_worth,company,country,industry,education,philanthropy,private_jet,yacht
Florida MacAleese,31,Lev,Twitternation,Bulgaria,real estate,PhD,true,true,false
Filberte Fettiplace,85,Peso,Skiba,Philippines,retail,high school diploma,true,false,false
Drusie Axtell,71,Ruble,Shuffletag,Russia,real estate,bachelor's degree,true,false,false
Wolf Hearty,60,Rupiah,Wordify,Indonesia,retail,master's degree,true,true,true
Millard Kornyakov,36,Dollar,Devshare,United States,retail,master's degree,false,false,true
Maryjo Hriinchenko,33,Dollar,Yata,United States,technology,high school diploma,true,false,true
Gearalt Ber,55,Yuan Renminbi,Edgewire,China,retail,PhD,false,true,true
Verena Swatridge,39,Dinar,Pixope,Serbia,real estate,bachelor's degree,false,false,false
Xenia Illesley,56,Baht,Realfire,Thailand,real estate,master's degree,false,false,false
Allegra Kerwen,51,Euro,Meetz,Portugal,real estate,bachelor's degree,false,false,true
Jarvis Premble,54,Krone,Thoughtworks,Norway,real estate,PhD,true,false,false
Elihu Mulqueen,71,Euro,Oba,Portugal,retail,PhD,false,true,true
Cecil Klehn,82,Ariary,Yamia,Madagascar,finance,high school diploma,false,true,false
Morganne Jahndel,81,Rial,Twitterwire,Iran,retail,master's degree,true,false,true
Cally O'Calleran,48,Denar,Twitterwire,Macedonia,technology,high school diploma,false,true,true
Salome Potteridge,52,Euro,Wordpedia,France,real estate,master's degree,false,true,false
Geneva Elsmere,72,Rupiah,Vinder,Indonesia,technology,master's degree,false,false,true
Tybalt Lynam,64,Peso,Browsebug,Mexico,retail,bachelor's degree,true,false,true
Boote Salsberg,43,Yuan Renminbi,Skinte,China,retail,bachelor's degree,false,false,true
Xenos Nund,80,Yuan Renminbi,Skipfire,China,technology,high school diploma,false,false,true
Gillan Wolfit,37,Kuna,Voonyx,Croatia,finance,master's degree,false,false,false
Vitia Guichard,46,Koruna,Talane,Czech Republic,technology,bachelor's degree,true,false,true
Letizia MacRirie,46,Euro,Devify,Portugal,retail,PhD,false,true,false
Tawnya Maxweell,30,Rupiah,Skippad,Indonesia,technology,PhD,false,true,true
Georgine Jager,47,Dram,Quinu,Armenia,finance,master's degree,true,false,false
Shelagh Beedle,69,Shilling,Zoomdog,Tanzania,technology,bachelor's degree,false,false,false
Hewet Ayliffe,50,Rial,Flashdog,Iran,technology,PhD,true,false,true
Darnell Hurling,50,Gourde,Tekfly,Haiti,finance,bachelor's degree,true,true,true
Rogers Corr,88,Dollar,Eamia,United States,retail,bachelor's degree,true,false,true
Jerri Legion,63,Dollar,Zoonder,Cayman Islands,finance,master's degree,false,false,false
Alla Kevern,71,Euro,Flashdog,Spain,retail,PhD,true,true,false
Bobby Girodier,34,Yuan Renminbi,Avaveo,China,finance,high school diploma,true,false,false
Siouxie Happel,43,Rupiah,Kwilith,Indonesia,technology,PhD,false,false,true
Sidnee Witton,49,Dollar,Ainyx,United States,retail,master's degree,false,false,false
Stanislaw Moakes,54,Yuan Renminbi,Edgetag,China,technology,PhD,false,false,true
Susana Lichtfoth,33,Rupiah,Dynazzy,Indonesia,finance,PhD,false,true,true
Tammie Lackey,56,Yuan Renminbi,Yodel,China,real estate,high school diploma,false,false,true
Cybil Montes,66,Euro,Quatz,Spain,retail,high school diploma,false,false,true
Emmanuel Duigan,90,Sol,Feedfire,Peru,real estate,bachelor's degree,true,true,false
Jess Kingcote,46,Balboa,Ntags,Panama,retail,high school diploma,true,false,false
Orlan Eborn,63,Euro,Livetube,Portugal,finance,bachelor's degree,false,true,true
Rosa Dutnell,60,Peso,Oloo,Mexico,real estate,master's degree,false,true,false
Mano Erik,37,Rupiah,Divape,Indonesia,real estate,high school diploma,false,false,true
Matthiew Prickett,49,Kuna,Skyba,Croatia,retail,high school diploma,true,true,false
Rahal Frusher,79,Euro,Abatz,Portugal,technology,high school diploma,false,true,false
Essa Biever,31,Peso,Brainverse,Philippines,technology,high school diploma,true,true,true
Berk Chessun,80,Real,Linktype,Brazil,finance,bachelor's degree,true,false,true
Marty Searby,70,Real,Devpulse,Brazil,finance,PhD,true,false,false
Leonard Dripp,63,Hryvnia,Innotype,Ukraine,real estate,PhD,false,false,false
Caddric Asher,73,Real,Voomm,Brazil,real estate,PhD,false,true,false
Jolyn Strike,83,Rupiah,DabZ,Indonesia,real estate,bachelor's degree,true,true,true
Yolanthe Laite,57,Dram,Digitube,Armenia,retail,master's degree,true,false,false
Francene Simak,58,Ruble,Chatterbridge,Russia,technology,master's degree,true,false,false
Sheelah Briatt,77,Real,Zooveo,Brazil,technology,PhD,false,false,true
Samantha Faber,45,Ruble,Plajo,Russia,retail,PhD,true,false,false
Natalie Pourveer,64,Zloty,Muxo,Poland,real estate,bachelor's degree,true,true,false
Dunc Vaz,78,Yuan Renminbi,Youopia,China,retail,high school diploma,true,true,true
Ulysses Lally,42,Euro,Photobug,France,finance,master's degree,false,true,true
Levey Feckey,63,Yuan Renminbi,Eabox,China,retail,high school diploma,false,true,true
Sonnie Emanuelli,67,Shilling,Aivee,Uganda,retail,PhD,true,false,false
Langsdon Tidd,76,Rupiah,Lajo,Indonesia,technology,PhD,false,true,true
Gavan Kidston,83,Ruble,Latz,Russia,retail,bachelor's degree,true,false,true
Etan Haizelden,79,Yuan Renminbi,Voolia,China,technology,master's degree,false,false,true
Devin Pate,63,Ruble,Tavu,Russia,retail,PhD,false,false,false
Melisse Lively,65,Ruble,Mynte,Russia,retail,PhD,true,true,true
Fitzgerald Muck,78,Manat,Muxo,Azerbaijan,finance,bachelor's degree,false,false,true
Taddeo Gentery,79,Yuan Renminbi,Livetube,China,technology,PhD,true,false,true
Kienan Ingry,56,Rand,Fanoodle,South Africa,retail,master's degree,true,false,true
Jorge Cromblehome,38,Litas,Brainverse,Lithuania,finance,bachelor's degree,false,false,true
Raff McCutheon,33,Rupiah,Mydo,Indonesia,real estate,high school diploma,false,false,true
Mill Patrone,41,Ruble,Cogibox,Russia,real estate,master's degree,false,false,false
Barty Ransfield,33,Ruble,Zoombeat,Russia,finance,high school diploma,true,false,true
Constanta Hendrickx,76,Yuan Renminbi,Katz,China,real estate,high school diploma,true,false,true
Dillon Mohring,76,Peso,Lazz,Philippines,technology,master's degree,false,true,true
Shaun Caldaro,54,Yuan Renminbi,Camimbo,China,technology,PhD,true,false,false
Tammi Camin,89,Rupiah,Divape,Indonesia,technology,master's degree,false,true,false
Juieta Sandyford,61,Kuna,Gigabox,Croatia,finance,master's degree,true,true,false
Steffie Satyford,85,Birr,Meembee,Ethiopia,technology,PhD,false,true,false
Jodie Thunderman,48,Dollar,Skyble,United States,retail,bachelor's degree,true,true,true
Winston Cornejo,47,Rupiah,Plambee,Indonesia,real estate,master's degree,true,false,false
Pru Cockrem,41,Yen,Wordtune,Japan,real estate,high school diploma,true,false,true
Danie Loosley,59,Pound,Tagopia,Saint Helena,finance,bachelor's degree,false,true,true
Rosemaria Gandy,70,Euro,Bubblebox,Portugal,finance,high school diploma,false,true,false
Conant Gargett,77,Yuan Renminbi,Quatz,China,retail,bachelor's degree,false,false,true
Merralee Ivanin,58,Won,Rhynoodle,South Korea,retail,master's degree,false,false,false
Xavier Wemes,82,Zloty,Pixoboo,Poland,real estate,high school diploma,false,false,false
Saunders Durrett,81,Ruble,Katz,Belarus,retail,high school diploma,true,true,true
Jules MacBey,58,Dong,Pixope,Vietnam,finance,high school diploma,true,true,true
Kippy Brusby,90,Euro,Blogtags,Germany,finance,high school diploma,true,true,false
Zondra O' Clovan,66,Franc,Zooxo,Comoros,retail,PhD,true,true,false
Francine Galler,43,Rupiah,Kwilith,Indonesia,real estate,PhD,true,false,false
Carolyne Wakely,70,Ruble,Skyvu,Russia,finance,master's degree,false,true,true
Nancy Aleksankin,71,Yuan Renminbi,Browsetype,China,real estate,bachelor's degree,true,false,true
Lanita Brinklow,57,Dollar,Topiclounge,New Zealand,retail,bachelor's degree,true,false,true
Amata Risman,69,Sol,Skinder,Peru,technology,bachelor's degree,false,true,false
Teri Laimable,64,Tugrik,Topiczoom,Mongolia,real estate,high school diploma,false,false,true
Saba Handrik,83,Rupiah,Riffpedia,Indonesia,retail,master's degree,true,false,false
Augie Bern,60,Dinar,Yodo,Serbia,technology,master's degree,false,true,false
Ollie Pawlowicz,70,Rupiah,Edgetag,Indonesia,retail,PhD,false,false,false
Evey Fewtrell,33,Yuan Renminbi,Livetube,China,real estate,PhD,true,true,true
Manda Selwyn,70,Ruble,Divape,Russia,real estate,bachelor's degree,true,false,true
Cirstoforo Sallinger,88,Rupiah,Buzzshare,Indonesia,technology,bachelor's degree,true,true,false
Edith Fley,33,Shilling,Flashset,Tanzania,real estate,bachelor's degree,false,true,false
Gavrielle Kilgour,68,Yuan Renminbi,Mynte,China,real estate,PhD,false,false,true
Godfrey Caddie,87,Dollar,Izio,Canada,technology,bachelor's degree,false,true,false
Shep Richardes,33,Zloty,Shuffledrive,Poland,retail,master's degree,true,true,true
Evangelina Oki,34,Yuan Renminbi,Dablist,China,real estate,high school diploma,false,true,true
Harold Silby,57,Leone,Yakidoo,Sierra Leone,finance,PhD,false,false,false
Caresse Give,67,Tenge,Pixoboo,Kazakhstan,retail,high school diploma,false,false,false
Elvis Dziwisz,80,Yuan Renminbi,Jazzy,China,technology,PhD,false,true,false
Gordon Geockle,82,Baht,Realmix,Thailand,real estate,high school diploma,false,true,false
Minni Jarret,80,Rupiah,Voonyx,Indonesia,retail,bachelor's degree,false,true,true
Zechariah Spurr,36,Peso,Mymm,Philippines,retail,bachelor's degree,false,true,true
Lorenzo Bayle,61,Ruble,Jaxbean,Russia,finance,high school diploma,true,true,true
Dannel Nutbean,51,Yuan Renminbi,Linklinks,China,real estate,bachelor's degree,false,false,false
Rosene Tallach,86,Peso,Topicstorm,Philippines,retail,bachelor's degree,true,true,false
Angele Crain,51,Birr,Youfeed,Ethiopia,technology,high school diploma,false,false,false
Penny Thomason,77,Real,Kwilith,Brazil,retail,bachelor's degree,true,true,true
Lisetta Southwick,39,Euro,Babbleblab,Reunion,technology,high school diploma,false,true,true
Itch Rattenberie,38,Dollar,Abata,Saint Kitts and Nevis,retail,master's degree,true,false,false
Dukey Ainslee,59,Euro,Jabbertype,Portugal,finance,bachelor's degree,false,false,true
Ewan Bassick,80,Yuan Renminbi,Flipbug,China,retail,bachelor's degree,true,false,false
Erma Guitonneau,73,Yen,Riffpedia,Japan,finance,high school diploma,true,false,true
Herc Udell,72,Yuan Renminbi,Jaxspan,China,technology,high school diploma,true,true,false
Darbie Madill,59,Euro,Trudeo,France,retail,bachelor's degree,false,false,true
Millisent Wilcott,69,Krona,Flashset,Sweden,real estate,master's degree,true,true,false
Nollie Weldon,83,Rupiah,Camido,Indonesia,retail,high school diploma,true,true,true
Kleon Klemencic,55,Yuan Renminbi,Miboo,China,technology,PhD,false,true,true
Sandy Giovannacc@i,88,Real,Eamia,Brazil,technology,high school diploma,false,false,false
Beitris Beig,45,Dinar,Brainsphere,Tunisia,technology,PhD,true,false,false
Eldridge Tante,52,Rupiah,Jazzy,Indonesia,real estate,PhD,true,true,false
Roby Vergo,84,Euro,Fivespan,Portugal,real estate,high school diploma,true,false,true
Isidora Clemoes,35,Baht,Jaloo,Thailand,technology,PhD,true,true,false
Albertine Ziemen,89,Peso,Ooba,Philippines,real estate,PhD,false,true,true
Lonny Bonelle,40,Yuan Renminbi,Oozz,China,real estate,bachelor's degree,false,false,false
Munroe Biernat,32,Peso,Topicshots,Argentina,retail,high school diploma,false,true,true
Mari Forty,34,Rupiah,Edgewire,Indonesia,retail,master's degree,false,true,false
Lind Sole,32,Zloty,Gevee,Poland,real estate,bachelor's degree,true,false,false
Nicol Hawkswell,30,Koruna,Gabtune,Czech Republic,real estate,high school diploma,true,false,true
Bambi Kindon,61,Yuan Renminbi,Zoombeat,China,real estate,high school diploma,true,false,true
Gilemette Philcox,56,Euro,Muxo,Greece,technology,bachelor's degree,false,false,false
Koenraad Alyutin,86,Bolivar,Topicware,Venezuela,finance,high school diploma,false,false,true
Luciano Chisnell,36,Real,Wikizz,Brazil,real estate,master's degree,true,true,true
Adriaens Crittal,81,Yen,Lazz,Japan,technology,master's degree,true,true,false
Rene Rockey,60,Yuan Renminbi,Youtags,China,real estate,high school diploma,false,false,true
Loralyn Seegar,81,Rupiah,Geba,Indonesia,real estate,master's degree,true,false,false
Garrett Freund,89,Yuan Renminbi,Fliptune,China,real estate,high school diploma,true,true,true
Carola Pesak,42,Yuan Renminbi,Thoughtsphere,China,real estate,PhD,true,false,false
Andy Greenmon,51,Pataca,Yodel,Macao,real estate,PhD,true,false,false
Franky Snedker,63,Dollar,Dazzlesphere,United States,finance,PhD,false,false,false
Holly Mariotte,76,Yuan Renminbi,Dynava,China,technology,PhD,true,false,false
Ailyn Yeates,31,Rupee,Quimm,Mauritius,finance,master's degree,false,false,false
Jordanna Gherarducci,79,Yuan Renminbi,Kayveo,China,technology,high school diploma,false,true,false
Brandtr Wisham,82,Real,Eidel,Brazil,retail,high school diploma,false,false,false
Purcell Brownlow,38,Real,Aibox,Brazil,retail,bachelor's degree,false,true,true
Dorris Jukubczak,35,Pound,Yakijo,Egypt,real estate,master's degree,true,false,true
Salomi Dibley,74,Rupiah,Riffpedia,Indonesia,real estate,master's degree,true,false,true
Hinze Starkey,75,Yen,Wikizz,Japan,technology,high school diploma,true,false,false
Mimi Bedo,81,Peso,Yamia,Colombia,technology,high school diploma,false,false,false
Clyde Anthonsen,45,Peso,Blogpad,Philippines,real estate,high school diploma,false,false,true
Diandra Kenwood,39,Yuan Renminbi,Edgewire,China,real estate,bachelor's degree,false,false,false
Chaim Lelliott,83,Peso,Mybuzz,Argentina,real estate,high school diploma,false,false,false
Valencia Dursley,66,Ruble,Realbuzz,Belarus,real estate,high school diploma,true,true,false
Mina Iianon,64,Shekel,Meevee,Palestinian Territory,real estate,PhD,true,true,true
Berke Barkley,79,Yuan Renminbi,Geba,China,real estate,bachelor's degree,true,true,false
Salome Biset,73,Baht,Nlounge,Thailand,real estate,PhD,true,false,true
Tulley Eddolls,57,Yuan Renminbi,Gigashots,China,retail,high school diploma,false,false,true
Lillis Drioli,72,Rial,Kazu,Iran,technology,master's degree,false,true,false
Alex Vuitte,82,Euro,Topicshots,Spain,retail,PhD,false,true,true
Flossi Trudgeon,30,Balboa,Aimbu,Panama,finance,PhD,false,false,true
Gloriane Zammett,39,Marka,Gabtype,Bosnia and Herzegovina,retail,bachelor's degree,false,true,false
Katrina Kigelman,52,Sol,Topdrive,Peru,technology,bachelor's degree,true,true,true
Zsa zsa Blunden,62,Peso,Flipopia,Argentina,finance,PhD,false,false,true
Greg McNelly,30,Ruble,Fatz,Russia,technology,bachelor's degree,false,true,false
Lonny Salomon,80,Yuan Renminbi,Linktype,China,real estate,high school diploma,true,false,false
Riannon Ortega,35,Euro,Oodoo,Greece,retail,PhD,true,false,true
Birdie Jaulmes,54,Euro,Devify,France,technology,master's degree,true,true,false
Ester Stanistreet,70,Won,Kazu,South Korea,real estate,PhD,false,true,false
Zaneta MacGhee,59,Ruble,Mynte,Russia,retail,bachelor's degree,true,true,false
Gene Astlett,64,Marka,Thoughtmix,Bosnia and Herzegovina,real estate,PhD,true,false,false
Florence Augustine,41,Rupiah,Jetwire,Indonesia,retail,master's degree,true,false,false
Daniella Bayliss,67,Gourde,Roodel,Haiti,retail,high school diploma,true,true,true
Hermine Laise,79,Rupiah,Photobug,Indonesia,retail,high school diploma,false,true,true
Sheeree Lamming,46,Euro,Dazzlesphere,Greece,finance,PhD,false,false,false
Goddard Brimicombe,61,Yuan Renminbi,Youtags,China,retail,bachelor's degree,true,true,true
Maitilde Lead,72,Dollar,Rhybox,United States,finance,bachelor's degree,false,false,true
Brander Bramstom,45,Yuan Renminbi,Minyx,China,real estate,bachelor's degree,false,false,false
Helli Dack,52,Yuan Renminbi,Kwideo,China,real estate,high school diploma,false,false,true
Caleb Gino,79,Krone,Photobug,Norway,retail,high school diploma,true,true,true
Erick Brent,32,Euro,Quamba,France,finance,bachelor's degree,true,true,false
Nikos Vedenyakin,83,Zloty,Browsedrive,Poland,technology,bachelor's degree,true,false,false
Ricky Vose,59,Dollar,Devpulse,Marshall Islands,retail,high school diploma,true,false,true
Bobette Ackenson,64,Peso,Skipfire,Philippines,real estate,high school diploma,true,true,false
Cliff Putton,41,Zloty,Talane,Poland,retail,master's degree,true,false,true
Ewart Danilchik,43,Euro,Rhyzio,Portugal,technology,bachelor's degree,false,true,false
Harris Drakes,57,Afghani,Lajo,Afghanistan,retail,PhD,false,false,true
Esme Pfeifer,70,Yuan Renminbi,Voolia,China,retail,PhD,false,false,false
Shelley Olding,76,Rupiah,InnoZ,Indonesia,finance,master's degree,false,false,true
Freddie Zanotti,60,Rupiah,Katz,Indonesia,technology,master's degree,false,true,true
Gwyneth Frizzell,72,Yuan Renminbi,Gabtune,China,real estate,bachelor's degree,false,false,true
Amalee Opie,75,Yuan Renminbi,Teklist,China,real estate,high school diploma,false,true,true
Lanni Bortoletti,38,Peso,Aivee,Philippines,finance,PhD,true,false,false
Shoshanna Francklin,52,Zloty,Dynabox,Poland,finance,high school diploma,true,false,false
Allie Martinson,73,Real,Linklinks,Brazil,technology,PhD,false,false,true
Roma Stanney,86,Real,Yombu,Brazil,retail,PhD,true,true,false
Warren MacCaughey,32,Rupiah,Skyba,Indonesia,retail,PhD,false,true,false
Johny Casford,37,Yuan Renminbi,Ailane,China,real estate,high school diploma,true,false,false
Evy Cesco,42,Ruble,Quatz,Russia,technology,high school diploma,false,true,true
Nestor Yelland,89,Yuan Renminbi,Skajo,China,technology,PhD,true,false,true
Myriam Keenan,68,Peso,Yodo,Argentina,technology,PhD,false,true,true
Faunie Duffree,45,Euro,Wikizz,France,retail,master's degree,true,false,false
Johnny Cowdroy,82,Euro,Babbleblab,Austria,technology,master's degree,true,true,false
Archibald Garey,88,Yuan Renminbi,Tavu,China,finance,bachelor's degree,true,true,false
Homere Vasilyonok,70,Krona,Linktype,Sweden,real estate,high school diploma,false,true,false
Wittie Tipper,79,Krona,Kwimbee,Sweden,real estate,high school diploma,true,true,false
Maddie Cherm,69,Rupiah,Dabjam,Indonesia,retail,high school diploma,false,false,true
Vivia Blabber,59,Bolivar,Fivebridge,Venezuela,real estate,bachelor's degree,false,false,false
Vick Hennemann,56,Franc,Avaveo,Central African Republic,finance,PhD,false,true,true
Eddy Chatelet,30,Lari,Fadeo,Georgia,finance,bachelor's degree,true,false,true
Rhody Gossage,89,Ruble,Photobug,Russia,technology,high school diploma,true,false,true
Adrea Perren,55,Krona,Dablist,Sweden,technology,master's degree,false,true,false
Yolande Tottem,60,Rupiah,Zoombeat,Indonesia,finance,high school diploma,true,false,false
Leandra Teece,79,Euro,Mudo,Slovenia,retail,high school diploma,true,false,false
Ernaline Tompsett,36,Rupiah,Thoughtblab,Indonesia,technology,master's degree,false,false,false
Jyoti McCreadie,57,Dollar,Miboo,Namibia,retail,PhD,true,true,true
Ceciley Blanchard,52,Tugrik,Shufflebeat,Mongolia,finance,master's degree,true,false,false
Edlin Lowy,34,Yuan Renminbi,Innojam,China,finance,PhD,true,false,true
Pattie Hollidge,61,Ruble,Gigabox,Russia,real estate,master's degree,true,false,false
Marita Antonoyev,36,Guarani,Dabtype,Paraguay,finance,PhD,false,true,true
Chen Alpin,72,Peso,Thoughtmix,Argentina,real estate,PhD,false,true,true
Tori Melby,56,Ruble,Voomm,Russia,technology,PhD,true,false,true
Margret Byrcher,66,Peso,Browsebug,Philippines,technology,bachelor's degree,false,true,true
Maisey Kochs,66,Yuan Renminbi,Voonder,China,finance,PhD,false,false,false
Bessy Puden,52,Peso,Fanoodle,Philippines,real estate,master's degree,true,true,false
Bunnie Goodinson,84,Litas,Eayo,Lithuania,technology,bachelor's degree,true,true,false
Cinderella Fischer,80,Rupiah,Twimm,Indonesia,technology,high school diploma,true,false,true
Matthias Donkersley,52,Euro,Einti,Malta,retail,master's degree,true,false,true
Harbert Jorez,60,Real,Yozio,Brazil,technology,master's degree,true,true,true
Arabella Lainge,59,Rupiah,Jamia,Indonesia,real estate,PhD,true,true,true
Gaye Strippling,84,Franc,Plajo,Ivory Coast,finance,high school diploma,false,false,false
Bryn Evershed,66,Rupiah,Livefish,Indonesia,finance,bachelor's degree,false,false,true
Mureil McGuckin,80,Peso,Twitterlist,Colombia,finance,master's degree,true,false,true
Sheffie Capstack,30,Euro,Chatterpoint,Germany,retail,master's degree,false,false,true
Kristin Sommerfeld,58,Dong,Tagchat,Vietnam,retail,bachelor's degree,false,true,true
Thia Greest,86,Ruble,Trupe,Russia,real estate,master's degree,true,false,true
Marieann Baudinet,62,Rupiah,Katz,Indonesia,real estate,high school diploma,true,false,true
Herrick Axten,53,Pula,Eayo,Botswana,finance,bachelor's degree,false,false,false
Robinet Marcussen,64,Dollar,Riffpedia,United States,retail,bachelor's degree,false,false,false
Sibeal Kirkman,67,Yuan Renminbi,Photojam,China,technology,master's degree,false,false,true
Kathe Gergus,86,Real,Kwideo,Brazil,retail,master's degree,true,false,false
Annissa Griffithe,45,Rupiah,Roombo,Indonesia,technology,high school diploma,true,true,true
Lindie Doull,81,Peso,Mynte,Colombia,real estate,master's degree,false,true,false
Selma Childe,64,Rupiah,Jetpulse,Indonesia,finance,high school diploma,true,true,true
Lorianne Gemlett,73,Zloty,Meezzy,Poland,finance,bachelor's degree,false,true,true
Dixie Garahan,35,Yuan Renminbi,Vimbo,China,finance,PhD,false,false,true
Kaspar Critten,30,Rupiah,Viva,Indonesia,retail,PhD,false,true,true
Sidonnie Bigmore,76,Yuan Renminbi,Zoonder,China,real estate,master's degree,true,true,false
Karissa Ick,80,Zloty,Trilith,Poland,technology,high school diploma,true,true,true
Tonye Rubbert,44,Dinar,Avamm,Serbia,real estate,master's degree,false,false,false
Gilburt Ethridge,44,Franc,Jabbersphere,Comoros,finance,PhD,true,true,false
Gabriellia Swaisland,35,Euro,Centimia,France,finance,PhD,true,true,false
Rory Ruddock,84,Real,Kanoodle,Brazil,retail,PhD,false,false,true
Neilla Dzenisenka,51,Peso,Midel,Philippines,real estate,high school diploma,true,true,true
Hebert Kem,35,Dong,Zava,Vietnam,real estate,master's degree,false,false,false
Guillema Champagne,90,Yuan Renminbi,Cogibox,China,finance,PhD,false,false,false
Reggie Blackwell,75,Won,Bubblemix,North Korea,real estate,master's degree,false,false,false
Bronson Kellen,60,Dirham,Midel,Morocco,retail,master's degree,false,false,false
Harlen Dunlop,75,Tugrik,Skimia,Mongolia,finance,PhD,false,true,true
Klarika Manie,82,Rupiah,Gabtype,Indonesia,retail,master's degree,false,true,true
Allyn Goodrich,74,Franc,Yotz,Democratic Republic of the Congo,finance,PhD,true,true,true
Angelo Peatheyjohns,45,Peso,Gabcube,Colombia,technology,master's degree,false,false,true
Twyla McElory,73,Zloty,Edgeify,Poland,finance,bachelor's degree,true,false,true
Rollins Renny,88,Yen,Jetwire,Japan,technology,bachelor's degree,true,false,false
Harold Shawe,47,Yuan Renminbi,Yoveo,China,retail,PhD,true,true,false
Lizbeth Wrench,38,Sol,Rooxo,Peru,real estate,bachelor's degree,true,false,true
Lefty Tugman,73,Yuan Renminbi,Quatz,China,retail,master's degree,false,true,true
Gabriello Jelley,81,Taka,Katz,Bangladesh,retail,high school diploma,true,true,true
Tye Churching,63,Marka,Aimbo,Bosnia and Herzegovina,real estate,high school diploma,false,false,false
Jacynth Irnys,42,Rupiah,Eimbee,Indonesia,technology,PhD,false,true,false
Dannie Mapam,38,Pound,Gabtune,United Kingdom,finance,master's degree,true,true,true
Sheba Crissil,47,Peso,Tagopia,Philippines,technology,high school diploma,true,true,false
Maybelle Hainey`,74,Bolivar,Vimbo,Venezuela,technology,bachelor's degree,true,true,false
Beatrice Kingsman,89,Rupiah,Latz,Indonesia,real estate,bachelor's degree,true,false,true
Gilda Napthine,87,Franc,Ntag,Guinea,finance,bachelor's degree,true,false,true
Town Chessor,52,Lek,Jabberstorm,Albania,retail,master's degree,false,false,true
Yves Guerri,72,Dollar,Demivee,Canada,technology,high school diploma,false,true,false
Danit Rumming,87,Dollar,Meetz,United States,retail,bachelor's degree,false,false,false
Clim Sima,31,Yuan Renminbi,Ailane,China,real estate,high school diploma,false,false,true
Aila Hambribe,85,Rupiah,Tekfly,Indonesia,finance,PhD,false,true,false
Nickolai Durrell,80,Yuan Renminbi,Vitz,China,technology,bachelor's degree,false,false,false
Aile Back,70,Rupiah,Katz,Indonesia,technology,PhD,false,true,false
Helena Gornar,44,Peso,Trilia,Philippines,finance,high school diploma,true,false,false
Roman Benyan,49,Rupiah,Jabbersphere,Indonesia,retail,master's degree,false,false,false
Silvester Terran,39,Yuan Renminbi,Divanoodle,China,technology,master's degree,true,false,true
Sandy Lambertazzi,72,Rupiah,Feedspan,Indonesia,technology,bachelor's degree,true,false,true
Gerhardine Kinnard,58,Zloty,Dazzlesphere,Poland,retail,PhD,false,true,false
Lisabeth Robertelli,51,Dollar,Topicstorm,Australia,technology,bachelor's degree,true,true,false
Anny Harroll,68,Yuan Renminbi,Babbleopia,China,retail,high school diploma,false,false,false
Padget Bernucci,42,Lev,Bubblebox,Bulgaria,retail,master's degree,true,false,true
Ian Stigers,51,Baht,Blogtag,Thailand,retail,high school diploma,true,true,false
Virgilio Jeannot,52,Balboa,Podcat,Panama,retail,high school diploma,true,false,true
Harriott DelaField,76,Peso,Oba,Philippines,retail,bachelor's degree,true,true,true
Kaylee Sterman,55,Won,Oyondu,South Korea,retail,master's degree,true,true,false
Dan Mc Menamin,82,Peso,Photofeed,Mexico,retail,high school diploma,false,true,true
Der Cawt,82,Dinar,Browsebug,Tunisia,retail,master's degree,true,false,false
Leanora Rising,37,Yuan Renminbi,Quimm,China,retail,bachelor's degree,true,false,false
Gabriellia Sellors,54,Dollar,Mymm,Namibia,real estate,PhD,false,false,true
Duane Alchin,52,Peso,Centidel,Philippines,technology,high school diploma,false,true,true
Nerta Inman,54,Yuan Renminbi,Brightdog,China,technology,master's degree,false,true,false
Lefty de Amaya,86,Yuan Renminbi,Thoughtbeat,China,finance,high school diploma,true,true,false
Maximilien Churchard,44,Dollar,Photolist,Canada,real estate,bachelor's degree,true,true,false
Galven Lingfoot,58,Yuan Renminbi,Skibox,China,technology,bachelor's degree,false,true,true
Lina Cullon,37,Euro,Yabox,France,retail,high school diploma,false,false,false
Renaldo Hodges,69,Yuan Renminbi,Twiyo,China,finance,master's degree,true,true,true
Julita Tedorenko,39,Rupee,Lajo,Pakistan,technology,high school diploma,false,false,false
Hewet Domenichini,37,Dollar,Linklinks,New Zealand,finance,master's degree,true,false,false
Tove Beeby,83,Euro,Blogpad,France,real estate,bachelor's degree,true,false,true
Edgard Downing,34,Ruble,Linklinks,Russia,finance,high school diploma,true,true,true
Shellysheldon Balazot,51,Ruble,Mycat,Russia,technology,master's degree,false,false,true
Tawnya Hyett,40,Ringgit,Devpulse,Malaysia,real estate,bachelor's degree,false,true,false
Tyrone Adamovich,31,Rupiah,Jabbersphere,Indonesia,retail,master's degree,true,false,false
Vivian Harme,81,Peso,Wordpedia,Mexico,real estate,PhD,false,true,false
Renelle Lakenden,71,Rupiah,Jabbertype,Indonesia,real estate,high school diploma,false,true,true
Waring Phifer,85,Rupiah,Jaxbean,Indonesia,real estate,high school diploma,false,true,true
Bordy Glowach,74,Dollar,Mydo,Namibia,retail,high school diploma,true,false,false
Nita Hughlin,34,Euro,Bluezoom,France,technology,PhD,true,true,true
Emmie Ludewig,58,Yen,Jetpulse,Japan,finance,high school diploma,false,false,false
Bradford Cavalier,36,Ruble,Voonder,Russia,finance,PhD,true,false,false
Lanna Abrahams,63,Ruble,Oozz,Russia,retail,bachelor's degree,true,true,true
Spike Ludlom,40,Naira,Skyble,Nigeria,retail,master's degree,true,true,false
Alicea Johansson,74,Euro,Eazzy,France,finance,bachelor's degree,false,true,true
Sybyl Hounsom,62,Hryvnia,Tekfly,Ukraine,real estate,master's degree,false,false,false
Viviyan Chewter,71,Krona,Fanoodle,Sweden,finance,high school diploma,true,true,true
Kissie Oakeby,81,Ruble,Trilia,Russia,retail,PhD,false,false,false
Clementina Atkinson,80,Peso,Fliptune,Philippines,real estate,master's degree,true,false,false
Keene Sly,77,Rand,Midel,South Africa,retail,PhD,false,true,false
Alene Ganing,45,Dong,Fatz,Vietnam,technology,PhD,false,true,true
Ulberto Doeg,78,Dollar,Livefish,United States,real estate,master's degree,true,true,true
Pamella MacKenny,79,Peso,Cogilith,Argentina,retail,PhD,true,false,true
Harbert Forstall,42,Yuan Renminbi,Dazzlesphere,China,finance,bachelor's degree,false,true,true
Jaime Plank,32,Franc,Meevee,Burkina Faso,retail,high school diploma,false,true,false
Marcelia Tams,47,Yuan Renminbi,Jabberbean,China,technology,PhD,false,true,false
Cacilia Leech,58,Peso,Skimia,Colombia,technology,high school diploma,true,false,false
Pearle Radley,54,Marka,Bluejam,Bosnia and Herzegovina,technology,PhD,true,false,true
Garwood Yurin,43,Peso,Shufflebeat,Mexico,real estate,high school diploma,true,false,false
Archibald Petrenko,70,Ruble,Miboo,Russia,retail,bachelor's degree,false,true,false
Etty Tollerfield,41,Ruble,Yoveo,Russia,technology,bachelor's degree,false,false,true
Rockwell Aiskovitch,57,Rupiah,Quimm,Indonesia,retail,master's degree,true,false,true
Aubrie Kearn,51,Rupiah,Tavu,Indonesia,real estate,high school diploma,false,true,false
Margaret Hairon,30,Rupiah,Vipe,Indonesia,real estate,PhD,false,true,false
Kelbee Whitsun,85,Ruble,Livetube,Russia,finance,master's degree,false,true,true
Christean Stanger,43,Baht,Rhynoodle,Thailand,retail,bachelor's degree,false,false,false
Terese Woolmington,57,Peso,Realbridge,Philippines,technology,PhD,false,true,true
Chadd Ashford,55,Sol,Quinu,Peru,real estate,bachelor's degree,false,false,true
Sidnee Kmicicki,80,Baht,Tavu,Thailand,technology,bachelor's degree,true,true,false
Teddy Vickerman,81,Yuan Renminbi,Leenti,China,technology,high school diploma,true,true,false
Bennett Dymidowski,41,Sol,Omba,Peru,technology,high school diploma,true,false,true
Emmeline Labbez,38,Real,Zoomlounge,Brazil,retail,bachelor's degree,true,true,false
Fayina Dupoy,90,Yuan Renminbi,Flipstorm,China,finance,bachelor's degree,false,true,true
Phyllys Dunham,52,Yuan Renminbi,Oyonder,China,real estate,bachelor's degree,true,true,true
Charla Garbert,55,Boliviano,Dynazzy,Bolivia,technology,high school diploma,false,true,false
Hedy Signore,85,Euro,Skynoodle,France,technology,bachelor's degree,true,true,false
Stephen Winchcombe,30,Rupiah,Rhyloo,Indonesia,real estate,bachelor's degree,true,true,false
Gene Longhurst,41,Hryvnia,Podcat,Ukraine,real estate,master's degree,false,false,false
Brietta Mantripp,36,Yuan Renminbi,Shuffletag,China,retail,bachelor's degree,false,false,false
Bennett Swatman,74,Yuan Renminbi,Dynabox,China,retail,high school diploma,false,false,true
Nicholas Donnellan,51,Yuan Renminbi,Skidoo,China,retail,high school diploma,true,false,false
Maren Turbat,72,Peso,Riffwire,Philippines,retail,PhD,true,true,false
Marcia Rowden,74,Kuna,Eazzy,Croatia,finance,master's degree,false,true,false
Muffin Proschke,59,Yuan Renminbi,Jabbertype,China,real estate,PhD,true,false,false
Fayre Garroch,42,Shekel,Kaymbo,Palestinian Territory,technology,bachelor's degree,true,false,false
Forester Gallaher,67,Zloty,Twiyo,Poland,real estate,bachelor's degree,false,true,false
Lucienne Paintain,35,Shilling,Photojam,Tanzania,technology,PhD,true,false,false
Dinah De Moreno,84,Koruna,Wikivu,Czech Republic,retail,bachelor's degree,false,false,false
Ravi Gudd,54,Yuan Renminbi,Twitterbridge,China,real estate,master's degree,false,false,true
Bernadine Haggeth,46,Peso,Zoombox,Philippines,finance,high school diploma,true,true,true
Alwyn Bridgland,57,Peso,Blogtag,Philippines,real estate,master's degree,false,true,false
Penelope Creighton,40,Krona,Brainsphere,Sweden,technology,master's degree,false,true,false
Brigitte Cheyney,58,Real,Yakijo,Brazil,finance,master's degree,false,true,true
Freddi Di Lucia,76,Baht,Ooba,Thailand,finance,bachelor's degree,true,true,true
Mickey Bedingfield,69,Dollar,Skimia,United States,finance,PhD,true,true,true
Myles Petegrew,54,Ruble,JumpXS,Russia,retail,bachelor's degree,true,true,false
Marcia Mulberry,37,Yuan Renminbi,Meevee,China,real estate,master's degree,true,false,false
Mill Honeyghan,55,Peso,Skyvu,Mexico,real estate,bachelor's degree,false,true,false
Chucho Lunnon,70,Ruble,Mybuzz,Russia,technology,bachelor's degree,false,false,false
Kane Juza,76,Peso,Rhyloo,Mexico,retail,high school diploma,true,false,false
Merrili Muckian,76,Franc,Aimbu,Senegal,finance,bachelor's degree,true,false,true
Layla Thacke,86,Euro,Vinder,France,retail,PhD,true,true,false
Tracie Riep,40,Guarani,Skyble,Paraguay,technology,PhD,false,false,true
Christye Reinhardt,34,Euro,Thoughtstorm,Greece,real estate,high school diploma,true,true,false
Killie Flory,79,Yuan Renminbi,Browsetype,China,finance,master's degree,false,true,true
Ciel Lesurf,73,Zloty,Cogibox,Poland,retail,bachelor's degree,false,true,false
Trudi Shropsheir,48,Euro,Vimbo,Netherlands,real estate,bachelor's degree,false,false,false
Catha Kibbye,38,Euro,Cogibox,Portugal,technology,PhD,false,true,false
Royall Inkpin,41,Koruna,Realpoint,Czech Republic,retail,PhD,false,false,false
Miltie Purbrick,83,Dollar,Youfeed,Saint Lucia,real estate,master's degree,false,false,false
Levin Vankov,50,Yuan Renminbi,Browsebug,China,finance,master's degree,false,true,false
Vivi Garcia,40,Yuan Renminbi,Yotz,China,real estate,master's degree,false,true,false
Dario Hedderly,63,Rupiah,Realcube,Indonesia,technology,master's degree,false,false,false
Evita Bambra,72,Franc,Avamm,Democratic Republic of the Congo,real estate,master's degree,false,false,false
Johnathon Borth,53,Quetzal,Blogpad,Guatemala,technology,bachelor's degree,false,false,true
Devin Latchford,35,Dram,Fatz,Armenia,technology,bachelor's degree,true,true,false
Rosamund Fice,36,Sol,Browseblab,Peru,real estate,high school diploma,false,false,true
Emlen Card,52,Euro,Tazz,Finland,technology,bachelor's degree,true,false,true
Dennie Housbey,85,Real,Bluezoom,Brazil,technology,high school diploma,false,false,false
Jaclyn Jaggard,47,Peso,Babbleset,Philippines,technology,high school diploma,false,true,true
Ulrikaumeko Basso,87,Peso,Cogidoo,Argentina,real estate,master's degree,false,true,true
Jerry Lerner,77,Real,Devpoint,Brazil,technology,master's degree,true,false,true
Hall Rabb,87,Baht,Youspan,Thailand,retail,master's degree,false,false,false
Maribelle Rolfi,81,Rupiah,Vidoo,Indonesia,retail,PhD,false,false,false
Reese Abdon,58,Yuan Renminbi,Oyoyo,China,finance,master's degree,false,false,false
Philis Boylund,42,Dollar,Thoughtbeat,El Salvador,technology,master's degree,true,false,true
Isobel Balogun,40,Naira,Kare,Nigeria,retail,master's degree,true,false,false
Johan Haggata,78,Krone,Trilia,Norway,retail,master's degree,true,true,false
Sidney Westby,43,Yen,Wordify,Japan,retail,master's degree,true,true,true
Wrennie Rawsthorne,36,Dollar,Miboo,United States,retail,master's degree,true,false,false
Jeanna Padbury,90,Yuan Renminbi,Lazzy,China,technology,bachelor's degree,false,true,false
Antin Hickisson,51,Yuan Renminbi,Photobug,China,real estate,PhD,false,false,false
Carree Itschakov,53,Koruna,Rhynoodle,Czech Republic,real estate,master's degree,false,true,true
Leta Lawranson,83,Euro,Gigaclub,Portugal,real estate,master's degree,true,true,true
Garrott Kenlin,64,Rial,LiveZ,Yemen,real estate,bachelor's degree,false,true,false
Frannie Greenhead,65,Rupiah,Gabcube,Indonesia,real estate,master's degree,false,true,true
Jacqueline Fossick,67,Krona,Wikivu,Sweden,real estate,bachelor's degree,false,false,false
Jen Bengtsson,58,Peso,Eadel,Colombia,real estate,master's degree,false,true,true
Mickie Gason,79,Peso,Shuffletag,Chile,retail,PhD,true,false,true
Chaddie Epinay,66,Shilling,Babblestorm,Tanzania,retail,master's degree,false,false,false
Neils Goford,43,Real,Agivu,Brazil,real estate,master's degree,true,false,true
Berky Basten,87,Rand,Ntags,South Africa,real estate,bachelor's degree,true,true,false
Anallise Wells,72,Rupiah,Brightbean,Indonesia,real estate,PhD,true,false,false
Curr Simukov,44,Ruble,Zooveo,Russia,real estate,high school diploma,true,false,false
Loni Coverly,69,Ruble,Mybuzz,Russia,real estate,high school diploma,true,false,true
Virgil Wreakes,54,Ringgit,Thoughtsphere,Malaysia,real estate,bachelor's degree,true,false,true
Peirce Busse,84,Yuan Renminbi,Gevee,China,technology,PhD,true,false,true
Dell Gouldthorp,72,Ruble,Kazio,Russia,real estate,PhD,false,true,true
Adair Peverell,40,Ruble,Leexo,Russia,finance,master's degree,true,true,true
Alexio Odom,45,Shilling,Mita,Uganda,real estate,master's degree,true,false,true
Janine McIlwaine,84,Euro,Meejo,France,finance,bachelor's degree,false,false,true
Leyla Yakovitch,60,Peso,Avavee,Argentina,retail,high school diploma,true,true,true
Currie Attlee,41,Rupiah,Myworks,Indonesia,finance,high school diploma,false,true,true
Olia Macari,80,Euro,Yakidoo,Portugal,real estate,bachelor's degree,true,true,true
Mordecai Despenser,36,Rupiah,Edgeblab,Indonesia,technology,bachelor's degree,true,true,true
Margarethe Boag,56,Euro,Edgeblab,Portugal,technology,master's degree,false,false,true
Deena Wilkison,46,Euro,Gabcube,France,real estate,bachelor's degree,false,false,true
Jereme Zarb,55,Yuan Renminbi,Yamia,China,retail,PhD,true,true,true
Bron Corbert,64,Yuan Renminbi,Topicstorm,China,real estate,bachelor's degree,false,false,true
Cherrita Roiz,32,Euro,Bluejam,Portugal,technology,bachelor's degree,true,true,false
Frasco Rogge,62,Ruble,Jaloo,Russia,real estate,PhD,true,false,false
Wren Broomer,59,Dollar,Jaloo,United States,finance,high school diploma,false,true,true
Orson Hutton,89,Dinar,Zava,Libya,finance,bachelor's degree,true,true,false
Verine Boydle,54,Euro,Podcat,Portugal,finance,PhD,true,true,false
Elwood Cordel,89,Zloty,Quamba,Poland,retail,bachelor's degree,true,false,false
Danny Merill,65,Yuan Renminbi,Skidoo,China,real estate,PhD,true,false,false
Sibley Bendle,31,Euro,Jayo,France,technology,PhD,false,true,false
Hermann Paff,34,Euro,Linktype,France,technology,master's degree,false,true,false
Arnoldo Jezzard,67,Dollar,Wikido,Canada,technology,PhD,true,false,false
Rollie Viner,58,Euro,Twimm,Portugal,technology,high school diploma,false,true,true
Ignazio Phillippo,30,Rupiah,Kayveo,Indonesia,retail,master's degree,true,true,true
Elva Stening,32,Yuan Renminbi,Yata,China,technology,master's degree,false,false,true
Rodrigo Kristoffersson,51,Rupiah,Jabbertype,Indonesia,technology,master's degree,true,false,true
Sunny Winckles,67,Franc,Wikizz,Switzerland,retail,PhD,true,true,false
Jobyna Dakhov,57,Euro,Divape,France,real estate,master's degree,false,false,true
Hannah Joska,36,Sol,Realfire,Peru,technology,PhD,false,true,false
Willie Hatcliffe,30,Dollar,Flipbug,United States,finance,PhD,false,true,false
Cristionna Galiford,35,Peso,Photospace,Philippines,retail,PhD,false,true,true
Vally Stirman,50,Rupiah,Fiveclub,Indonesia,technology,high school diploma,true,true,false
Valencia Sworne,61,Dollar,Leexo,Zimbabwe,real estate,PhD,true,true,true
Taylor Gosart,44,Lek,Skinder,Albania,finance,PhD,true,true,false
Gizela Giovannazzi,32,Rupiah,Zoomlounge,Indonesia,technology,bachelor's degree,false,false,false
Tris Drakes,67,Real,Livepath,Brazil,technology,PhD,false,true,true
Kendall Coghlan,35,Dollar,Ooba,United States,retail,high school diploma,true,true,true
Lois Ivakin,33,Euro,Voomm,Portugal,retail,PhD,true,true,true
Lula Wike,62,Yuan Renminbi,Centimia,China,finance,master's degree,true,false,false
Malissia Petrusch,45,Koruna,Fliptune,Czech Republic,technology,high school diploma,false,true,true
Fredelia L'Hommee,87,Balboa,Devpulse,Panama,real estate,PhD,false,false,false
Marylee Bodell,71,Euro,Oodoo,Spain,retail,high school diploma,true,false,true
Wittie Bladge,80,Yuan Renminbi,Eimbee,China,retail,bachelor's degree,true,true,false
Hobey MacCumiskey,78,Euro,Browsedrive,France,retail,PhD,false,true,false
Chandler Mowsdell,63,Ruble,Yodoo,Russia,real estate,high school diploma,true,true,true
Marj Kineton,72,Rand,Kwideo,South Africa,technology,PhD,false,true,true
Rhona Lawerence,36,Zloty,Oloo,Poland,retail,high school diploma,true,true,true
Carlene Brosoli,81,Peso,Shuffledrive,Philippines,technology,master's degree,false,true,false
Gareth Couzens,37,Ariary,Babblestorm,Madagascar,real estate,bachelor's degree,false,true,true
Charmion Hearson,75,Euro,Jamia,Portugal,technology,master's degree,true,true,false
Dav Urpeth,51,Yuan Renminbi,Twinder,China,retail,bachelor's degree,true,true,true
Tara Roglieri,58,Rupee,Thoughtblab,Sri Lanka,technology,bachelor's degree,true,false,false
Vernice McDaid,43,Peso,Aivee,Mexico,technology,bachelor's degree,true,true,false
Andreana Helling,86,Gourde,Voonder,Haiti,retail,PhD,true,true,true
Lisetta Matei,47,Yuan Renminbi,Kaymbo,China,technology,high school diploma,false,true,false
Arch Yerrill,74,Ruble,Dazzlesphere,Russia,retail,master's degree,false,true,true
Faythe Brody,49,Pula,Oyoyo,Botswana,finance,high school diploma,true,true,false
Waylon Abramowsky,31,Yuan Renminbi,Thoughtbeat,China,finance,bachelor's degree,true,true,false
Lexine Haggish,36,Rupiah,Skajo,Indonesia,real estate,master's degree,true,false,true
Ernie Moden,64,Rupiah,Realmix,Indonesia,real estate,PhD,true,true,true
Rorke Broadhead,47,Euro,Skinte,Spain,real estate,PhD,true,false,false
Johnny Barwise,61,Bolivar,Ainyx,Venezuela,retail,high school diploma,false,true,false
Newton Offiler,38,Peso,Mymm,Mexico,real estate,PhD,true,false,false
Marten Okenden,83,Yuan Renminbi,Ozu,China,finance,high school diploma,true,true,false
Frederik Donke,68,Lempira,Tazz,Honduras,finance,master's degree,false,true,false
Stillman McCraine,79,Ruble,Roomm,Russia,real estate,master's degree,false,false,true
Karalee Gammons,86,Rupiah,Photobug,Indonesia,technology,high school diploma,false,true,false
Teodoor Ridings,78,Sol,Myworks,Peru,retail,master's degree,true,false,true
Isadore Bowller,39,Yuan Renminbi,Topiclounge,China,finance,PhD,false,false,true
Zachariah Redhills,89,Dollar,Camido,Canada,finance,PhD,false,false,true
Kasey Lowerson,70,Euro,Skipfire,Portugal,technology,master's degree,false,true,true
Burton Tibbits,37,Peso,Dabshots,Argentina,technology,PhD,true,false,false
Karen Woodnutt,45,Yuan Renminbi,Chatterbridge,China,retail,bachelor's degree,true,true,false
Thaddus Kinworthy,68,Rupiah,Quaxo,Indonesia,finance,PhD,false,false,true
Brander Abba,52,Euro,Devpulse,Portugal,technology,bachelor's degree,false,false,false
Kin Kort,64,Taka,Plambee,Bangladesh,finance,master's degree,false,false,false
Maximo Pontefract,75,Rupiah,Oyope,Indonesia,real estate,master's degree,false,false,false
Kendell Sarchwell,73,Peso,Jatri,Philippines,finance,bachelor's degree,false,false,false
Eal Brimson,68,Krona,Mydeo,Sweden,technology,master's degree,true,false,false
Issi Foulger,38,Rupiah,Yotz,Indonesia,real estate,high school diploma,false,true,false
Ricoriki Gockelen,76,Yuan Renminbi,Buzzdog,China,retail,high school diploma,true,false,true
Aggy Canner,76,Real,Yacero,Brazil,technology,high school diploma,true,false,true
Loy Bovaird,75,Peso,Devpulse,Philippines,retail,high school diploma,true,true,true
Gavan Axton,85,Yuan Renminbi,Mynte,China,finance,PhD,true,true,false
Guthrey Vedeniktov,53,Dram,Tagtune,Armenia,real estate,master's degree,true,true,false
Lonny Karolewski,54,Zloty,Buzzbean,Poland,real estate,bachelor's degree,true,false,true
Kliment Idle,57,Pound,Trupe,United Kingdom,real estate,PhD,true,true,false
Theresa Darlaston,85,Franc,Oyoba,Mali,finance,bachelor's degree,true,false,false
Thatch Ansley,88,Ruble,Camimbo,Belarus,finance,master's degree,true,false,false
Cory Laffan,72,Yuan Renminbi,Photofeed,China,technology,bachelor's degree,false,true,false
Teresa Mervyn,31,Baht,Youspan,Thailand,retail,bachelor's degree,false,false,false
Gardener Kobierzycki,51,Baht,Realbuzz,Thailand,retail,bachelor's degree,true,true,false
Kelcie Gascone,60,Dollar,Skinix,Canada,technology,PhD,false,false,true
Barrie Glover,32,Euro,Photobean,Finland,retail,master's degree,true,true,true
Zulema Huyton,58,Krona,Meevee,Sweden,retail,bachelor's degree,false,false,false
Joya Shory,40,Rupiah,Tazzy,Indonesia,technology,bachelor's degree,true,false,false
Odetta Mathe,47,Yen,Gabcube,Japan,finance,PhD,true,false,false
Baudoin Basile,82,Shekel,InnoZ,Palestinian Territory,technology,high school diploma,false,true,false
Ly Gambie,45,Yuan Renminbi,Jaxspan,China,finance,PhD,false,true,false
Marshal Clutheram,31,Rupiah,Nlounge,Indonesia,finance,high school diploma,true,true,true
Dimitri Manley,41,Rupiah,Buzzbean,Indonesia,finance,PhD,true,true,false
Demetrius Godsal,83,Yuan Renminbi,Oyonder,China,real estate,master's degree,true,true,true
Lucina Jarad,77,Pound,Twitterwire,South Sudan,technology,master's degree,true,false,false
Valery Tchaikovsky,64,Peso,Jazzy,Uruguay,finance,master's degree,true,false,true
Jeremias Brimming,62,Yuan Renminbi,Voonyx,China,finance,bachelor's degree,true,false,false
Jacinthe Bedle,47,Zloty,Quimm,Poland,real estate,bachelor's degree,true,false,true
Jerrylee Crewdson,51,Dollar,Avamba,El Salvador,technology,PhD,false,false,true
Arty Brushfield,66,Zloty,Kimia,Poland,finance,master's degree,true,false,true
Camella Nary,75,Euro,Skipfire,Slovenia,real estate,master's degree,true,false,true
Alica Cattlow,53,Yuan Renminbi,Dynabox,China,retail,high school diploma,false,false,false
Deni Dwire,35,Yuan Renminbi,Skaboo,China,technology,PhD,true,true,true
Burnaby Jepperson,38,Rupiah,Dazzlesphere,Indonesia,technology,master's degree,true,true,true
Shepperd Simeone,67,Dollar,Photofeed,United States,real estate,master's degree,false,false,false
Hank Ost,82,Dram,Zoomzone,Armenia,finance,bachelor's degree,true,true,true
Carilyn Bragginton,41,Euro,Fivespan,Netherlands,technology,high school diploma,true,false,false
Karalynn Hampe,67,Euro,Demimbu,Portugal,technology,PhD,true,true,true
Daria Pheasey,83,Rupiah,Jabbercube,Indonesia,real estate,high school diploma,false,false,false
Paule Scraney,37,Euro,Buzzster,Greece,finance,master's degree,false,false,true
Elysia Ossulton,57,Peso,Rooxo,Philippines,technology,bachelor's degree,true,true,true
Phylis Lumly,32,Rupiah,Jabbercube,Indonesia,technology,master's degree,false,true,false
Asher Ruddom,64,Rial,JumpXS,Iran,retail,bachelor's degree,false,false,false
Kin Shercliff,58,Zloty,Vimbo,Poland,real estate,bachelor's degree,false,false,true
Etti McKirdy,72,Rupiah,Topiclounge,Indonesia,retail,bachelor's degree,false,true,false
Hernando Warrillow,46,Ruble,Quire,Russia,finance,high school diploma,false,false,true
Lorenza Pellamonuten,35,Manat,Skipstorm,Azerbaijan,retail,PhD,true,true,false
Albina Janaway,87,Rupiah,Jabbersphere,Indonesia,technology,high school diploma,false,false,false
Milly Rentoll,30,Euro,Dabvine,Greece,retail,master's degree,false,false,false
Max Prewer,85,Euro,Youbridge,Spain,retail,master's degree,false,true,false
Gay Stedmond,68,Peso,Youtags,Philippines,retail,master's degree,false,true,true
Tucker Roncelli,72,Yuan Renminbi,Gigabox,China,technology,PhD,false,false,false
Darcie Ingarfield,62,Euro,Twiyo,Finland,retail,high school diploma,false,true,false
Adoree Oleszcuk,53,Ruble,Fliptune,Russia,technology,master's degree,false,true,true
Kettie Abethell,61,Baht,Jayo,Thailand,retail,high school diploma,true,true,false
Kippy MacAiline,65,Zloty,Omba,Poland,finance,bachelor's degree,false,false,true
Desiri Stretton,42,Peso,Fatz,Philippines,finance,master's degree,false,true,true
Aarika Drynan,75,Franc,Yambee,Cameroon,real estate,bachelor's degree,false,false,true
Correna Jude,75,Yuan Renminbi,Aivee,China,technology,bachelor's degree,true,true,false
Sophronia Ethridge,34,Peso,Thoughtmix,Philippines,retail,high school diploma,false,true,true
Lovell Larmett,76,Yuan Renminbi,Jabbertype,China,finance,PhD,true,true,false
Alphard Kops,44,Peso,Topicstorm,Argentina,technology,PhD,false,false,true
Stanton Fawson,86,Taka,Flipbug,Bangladesh,finance,high school diploma,false,true,true
Shayna Posen,56,Euro,Ainyx,France,technology,master's degree,true,true,false
Fionna Desporte,62,Dollar,Flashset,Australia,finance,master's degree,true,false,true
Maggie McClinton,34,Peso,Trilia,Philippines,real estate,PhD,true,false,false
Moises Kacheler,74,Rupiah,Jabberstorm,Indonesia,finance,PhD,true,true,true
Missy Collete,77,Yuan Renminbi,Feednation,China,retail,master's degree,true,false,true
Serena McClay,70,Lek,Vinder,Albania,technology,master's degree,false,false,false
Kai Carnegy,35,Franc,Rhynyx,Central African Republic,retail,PhD,true,false,true
Alvera Applewhite,52,Ruble,Thoughtblab,Russia,technology,bachelor's degree,true,true,false
Celka Dunan,42,Koruna,Yodoo,Czech Republic,finance,high school diploma,false,true,false
Bertie Grestie,36,Rupiah,Skyba,Indonesia,retail,high school diploma,false,true,true
Tiena Yousef,88,Sol,Eazzy,Peru,real estate,bachelor's degree,false,true,false
Mina Landreth,30,Yuan Renminbi,Youspan,China,technology,bachelor's degree,false,false,false
Cully Jesse,87,Som,Skajo,Uzbekistan,technology,high school diploma,false,true,false
Kippie O' Dooley,30,Yuan Renminbi,Bubblebox,China,retail,PhD,false,true,true
Kile Shirtliff,48,Peso,Lazz,Cuba,real estate,bachelor's degree,true,true,false
Alonzo MacRory,73,Dollar,Kwideo,Canada,technology,master's degree,true,true,true
Christin Childrens,86,Rupiah,Quatz,Indonesia,finance,bachelor's degree,true,false,false
Fiona Stanbra,80,Gourde,Camimbo,Haiti,real estate,master's degree,true,false,false
Tonnie Reichhardt,54,Yen,Chatterbridge,Japan,retail,PhD,true,false,true
Mavis Vernalls,33,Real,Vinder,Brazil,real estate,high school diploma,true,true,true
Benedikt Henniger,42,Rupiah,Devpulse,Indonesia,technology,bachelor's degree,false,true,false
Merna Grinter,38,Dong,Oyoba,Vietnam,retail,PhD,false,true,true
Roby MacCarlich,61,Euro,Vimbo,France,real estate,high school diploma,true,true,true
Madelyn Lewsie,66,Rupiah,Riffpath,Indonesia,real estate,PhD,false,true,true
Brockie Grime,76,Euro,Yabox,Portugal,real estate,bachelor's degree,true,false,false
Verile Harragin,44,Zloty,Skibox,Poland,real estate,master's degree,false,false,false
Suzy Stanners,30,Dollar,Jabbersphere,United States,finance,PhD,true,false,false
Sebastian Carleman,44,Euro,Cogibox,Portugal,finance,bachelor's degree,true,false,false
Wandie Happert,50,Yuan Renminbi,Roombo,China,real estate,bachelor's degree,false,false,true
Avrom Vann,69,Rand,Dabtype,South Africa,finance,PhD,false,true,false
Odelia Steer,48,Koruna,Yodoo,Czech Republic,technology,PhD,true,true,true
Pierrette Poundsford,53,Peso,Dabtype,Philippines,retail,PhD,false,false,true
Barn Proughten,88,Yuan Renminbi,Thoughtbridge,China,technology,master's degree,false,false,false
Ashly Jakubowicz,66,Krona,Cogibox,Sweden,finance,high school diploma,false,true,false
Stefanie Edgson,78,Yuan Renminbi,Tagpad,China,real estate,PhD,true,true,true
Juliana Simnett,34,Baht,Meejo,Thailand,retail,PhD,false,false,false
Ignace O'Spillane,90,Yuan Renminbi,Kimia,China,technology,high school diploma,false,false,false
Laurie Goranov,82,Rupiah,Twitterwire,Indonesia,retail,bachelor's degree,true,true,false
Ernestus McCoughan,58,Yuan Renminbi,Zoovu,China,finance,PhD,false,true,true
Gaultiero Jobern,84,Peso,Babbleblab,Mexico,retail,PhD,false,true,true
Logan Danielsson,63,Dollar,Devshare,Liberia,real estate,high school diploma,true,true,false
Delmor Swedeland,81,Yen,Jaxspan,Japan,finance,bachelor's degree,false,true,false
Jessika Ivannikov,31,Real,Chatterpoint,Brazil,retail,master's degree,true,true,true
Sella Deschelle,89,Rupiah,Yambee,Indonesia,real estate,bachelor's degree,true,true,false
Jean Rousell,74,Colon,Twitterlist,Costa Rica,technology,PhD,true,false,true
Dur Bownes,55,Franc,Demimbu,Chad,technology,PhD,false,true,true
Koren Tranmer,90,Lek,Wordware,Albania,finance,master's degree,false,true,false
Gal Andrin,89,Yuan Renminbi,Quimba,China,retail,PhD,true,true,true
Karlens Kearey,51,Yuan Renminbi,Skibox,China,real estate,bachelor's degree,true,false,true
Cathlene Benda,61,Rupiah,Kwimbee,Indonesia,retail,high school diploma,true,true,true
Agatha Callow,75,Euro,Pixope,Greece,real estate,master's degree,true,false,true
Augusta Mapston,50,Lev,Gevee,Bulgaria,technology,bachelor's degree,true,false,false
Calli Wingar,48,Naira,Pixoboo,Nigeria,retail,bachelor's degree,true,true,false
Thadeus Igounet,32,Rial,Wikibox,Iran,real estate,master's degree,true,false,true
Ilise Pottes,31,Rupiah,Brightbean,Indonesia,finance,bachelor's degree,false,true,false
Tedra O'Cahsedy,69,Peso,Shufflebeat,Mexico,technology,master's degree,false,false,true
Cletus Pimme,68,Euro,Tagtune,Finland,technology,high school diploma,true,false,true
Leeland Bampfield,48,Peso,Browsedrive,Mexico,retail,PhD,false,true,true
Shirline Asple,90,Euro,Jabbersphere,Greece,retail,bachelor's degree,false,true,false
Kelci Underwood,43,Rupiah,Kwimbee,Indonesia,finance,PhD,true,true,false
Jamil Tuer,75,Real,Zoombox,Brazil,real estate,master's degree,true,true,false
Kass Glossup,57,Dong,Skivee,Vietnam,retail,PhD,true,false,true
Quincy Pirdue,76,Peso,Einti,Philippines,retail,high school diploma,false,true,true
Eugenie Boycott,84,Peso,Photojam,Cuba,finance,master's degree,false,false,true
Dulcine Killik,48,Yen,Quimba,Japan,technology,high school diploma,true,false,false
Roxine Fussell,47,Koruna,Twitterbeat,Czech Republic,real estate,bachelor's degree,true,false,true
Gerhard Camber,81,Peso,Oodoo,Philippines,technology,master's degree,true,false,true
Eustacia Gouth,38,Yuan Renminbi,Edgeblab,China,technology,PhD,false,true,true
Emmey Ayshford,76,Yuan Renminbi,Meevee,China,technology,bachelor's degree,false,true,true
Alvy Weatherill,35,Peso,Dablist,Philippines,real estate,high school diploma,false,true,true
Lowell Spirritt,30,Rupiah,Photospace,Indonesia,technology,bachelor's degree,false,false,true
Griselda Swansbury,79,Dirham,Oyoyo,Morocco,technology,high school diploma,true,true,false
Suellen Eliasen,68,Euro,Vimbo,France,real estate,bachelor's degree,true,true,false
Lucille Prosek,43,Dinar,Trunyx,Serbia,technology,PhD,true,true,true
Lorant Dougharty,83,Yuan Renminbi,Mycat,China,finance,high school diploma,true,false,false
Kala Burnes,85,Rupiah,Photojam,Indonesia,technology,bachelor's degree,false,false,false
Elijah Fayter,39,Peso,Flashdog,Philippines,technology,master's degree,false,false,true
Olympie Benduhn,40,Krona,Skivee,Sweden,real estate,bachelor's degree,true,true,true
Carroll Ascraft,67,Dollar,Oyope,Canada,finance,PhD,true,true,true
Goldi Obell,42,Zloty,Skiba,Poland,technology,high school diploma,true,false,true
Redford Cawker,45,Rupiah,Twinte,Indonesia,finance,master's degree,false,false,false
Sheff Pude,32,Peso,Ooba,Argentina,real estate,bachelor's degree,true,false,false
Reggie Ridge,63,Peso,Wordware,Argentina,finance,PhD,false,true,true
Cammi Handrick,31,Rupiah,Photobug,Indonesia,real estate,PhD,true,false,false
Veda Pettitt,54,Marka,Mynte,Bosnia and Herzegovina,retail,master's degree,false,false,true
Candice McCurt,80,Rial,Dabfeed,Iran,technology,master's degree,false,true,false
Selena Skivington,60,Krona,Browsebug,Sweden,technology,high school diploma,false,true,true
Griselda Caze,36,Yuan Renminbi,Gabtype,China,finance,high school diploma,true,false,true
Roxine Normington,49,Yuan Renminbi,Tavu,China,retail,high school diploma,false,false,true
Gunilla Philipp,79,Dollar,Browsebug,United States,retail,master's degree,false,false,true
D'arcy Beaglehole,30,Peso,Fivebridge,Philippines,technology,PhD,false,true,false
Phyllys Leetham,79,Rupiah,Centimia,Indonesia,real estate,PhD,false,true,false
Alexina Le Brun,47,Zloty,Dynazzy,Poland,real estate,master's degree,false,true,false
Jamill Rudwell,45,Peso,Kwideo,Argentina,technology,bachelor's degree,true,false,false
Zara Buy,48,Dong,Twiyo,Vietnam,finance,high school diploma,false,false,true
Tillie Dami,31,Ruble,Quimba,Russia,real estate,high school diploma,false,true,true
Noreen Rountree,52,Rupiah,Devify,Indonesia,retail,PhD,false,true,true
Helsa Claricoates,59,Euro,Vitz,Portugal,technology,master's degree,false,false,false
Alisha Burbudge,74,Ruble,Vimbo,Russia,finance,high school diploma,false,true,true
Margareta Flack,56,Krone,Skajo,Norway,retail,high school diploma,true,false,true
Alika Dankersley,73,Rand,Yakijo,South Africa,real estate,PhD,false,false,false
Pancho Carvill,74,Rupiah,Jayo,Indonesia,technology,PhD,false,false,false
Jeth Ciobutaro,44,Naira,Jazzy,Nigeria,retail,master's degree,false,false,false
Tamar Tuckwood,38,Yuan Renminbi,Zoonoodle,China,technology,master's degree,false,true,true
Tasia Desson,59,Rupiah,Leexo,Indonesia,real estate,high school diploma,true,false,false
Baillie Spavon,54,Baht,Midel,Thailand,real estate,PhD,true,false,true
Clarence Baccus,36,Dram,Kazu,Armenia,real estate,master's degree,false,false,true
Fidelio Itzkovici,79,Dinar,Shufflester,Iraq,finance,high school diploma,false,true,true
Odele Kippen,53,Sol,Gigazoom,Peru,finance,PhD,true,true,true
Cyndie Smails,74,Baht,Innojam,Thailand,retail,PhD,true,true,false
Ailyn Kelberer,57,Colon,Avamm,Costa Rica,finance,master's degree,true,true,true
Glenine Crummy,71,Real,Jabberstorm,Brazil,technology,bachelor's degree,false,true,false
Sheffie O'Reilly,49,Rupiah,Miboo,Indonesia,real estate,master's degree,false,true,true
Octavia Blasio,90,Dollar,Yamia,Canada,finance,PhD,false,true,false
Orlan Summerside,57,Dollar,Zoomzone,Canada,finance,bachelor's degree,true,false,false
Keriann Dobbings,74,Dollar,Riffwire,United States,technology,PhD,false,false,false
See Nunson,65,Kuna,Oyondu,Croatia,real estate,high school diploma,true,false,false
Brodie Lantoph,57,Yuan Renminbi,Blognation,China,technology,high school diploma,false,false,false
Rose Domaschke,62,Yuan Renminbi,Tavu,China,technology,bachelor's degree,false,false,true
Gabbey Wadge,70,Peso,Riffpath,Philippines,retail,bachelor's degree,true,false,false
Che Archley,54,Franc,Skalith,Democratic Republic of the Congo,retail,PhD,true,false,true
Domenic Dorin,66,Zloty,Nlounge,Poland,retail,master's degree,true,false,false
Bent Lebbon,59,Rupiah,Topicware,Indonesia,retail,master's degree,false,true,false
Latisha Roeby,32,Yuan Renminbi,Aivee,China,retail,PhD,false,true,false
Felecia Spitell,53,Yuan Renminbi,Zoombox,China,finance,master's degree,true,false,false
Tina Old,52,Kwacha,Photolist,Malawi,finance,PhD,true,false,true
Grantley Bailes,32,Rupiah,Zazio,Indonesia,retail,bachelor's degree,true,true,false
Templeton Bardey,48,Dram,Lajo,Armenia,retail,high school diploma,false,true,true
Shane Yonge,47,Hryvnia,Pixoboo,Ukraine,technology,bachelor's degree,false,false,true
Ronnica Frudd,68,Sol,Mymm,Peru,real estate,bachelor's degree,true,true,true
Grove Linley,61,Quetzal,Tazzy,Guatemala,technology,master's degree,false,true,true
Korey Jochanany,56,Yuan Renminbi,Yabox,China,retail,high school diploma,false,false,false
Ozzie De Biasi,58,Shekel,Trudeo,Palestinian Territory,technology,master's degree,false,false,false
Sherye Luke,54,Rupiah,Aibox,Indonesia,technology,bachelor's degree,false,true,true
Rivalee Batch,54,Yuan Renminbi,Wordpedia,China,technology,bachelor's degree,true,false,false
Galvin Nel,63,Yuan Renminbi,Katz,China,technology,master's degree,false,true,true
Haven Tropman,65,Rial,Oyope,Yemen,real estate,PhD,true,true,false
Napoleon Fernan,39,Dollar,Izio,United States,technology,master's degree,false,true,true
Sandra MacGillivray,79,Dollar,Leenti,Ecuador,technology,high school diploma,false,true,false
Sanders Polini,50,Euro,Mynte,France,finance,PhD,false,false,false
Belvia O'Cannan,69,Yuan Renminbi,Cogilith,China,technology,bachelor's degree,true,true,true
Kele Grishkov,31,Euro,Snaptags,Ireland,real estate,bachelor's degree,true,true,false
Blondie Tiddy,74,Yuan Renminbi,Nlounge,China,real estate,PhD,true,true,true
Marillin Ambage,65,Peso,Realpoint,Philippines,real estate,master's degree,true,false,false
Bridie Kubu,70,Yuan Renminbi,Kazio,China,retail,PhD,false,true,false
Brant Giottoi,65,Birr,Browsedrive,Ethiopia,technology,high school diploma,false,false,false
Goldarina Gledstane,48,Hryvnia,Agivu,Ukraine,finance,PhD,false,true,false
Oliy Indgs,48,Peso,Myworks,Argentina,finance,master's degree,true,false,true
Bunni Scay,79,Yuan Renminbi,Digitube,China,technology,PhD,false,false,true
Locke McCarrison,37,Ruble,Quire,Belarus,retail,master's degree,true,true,false
Florence Marriott,79,Yuan Renminbi,Fivebridge,China,real estate,PhD,true,false,true
Ynez Boribal,53,Yuan Renminbi,Quatz,China,real estate,PhD,false,false,false
Consuela Ricciardello,59,Yuan Renminbi,Zava,China,real estate,PhD,true,true,false
Coral Cashen,55,Ruble,Zoonoodle,Russia,technology,bachelor's degree,true,false,false
Jedd Dymoke,44,Rupiah,Avaveo,Indonesia,technology,bachelor's degree,true,true,false
Marcia Blindmann,30,Rupiah,Oyondu,Indonesia,technology,high school diploma,true,false,false
Domingo Dagnall,67,Rupiah,Bubbletube,Indonesia,finance,high school diploma,true,false,true
Theobald Mateo,42,Peso,Dabtype,Philippines,real estate,bachelor's degree,true,true,true
Ralph Weeden,64,Dollar,Ainyx,United States,technology,bachelor's degree,true,true,true
Laird Tapply,80,Euro,Fivespan,France,finance,bachelor's degree,true,true,true
Aloysia Boumphrey,79,Dong,Quatz,Vietnam,real estate,PhD,false,false,false
Sallyann Maraga,53,Ruble,Linktype,Russia,finance,PhD,true,false,false
Edeline Trehearn,69,Peso,Jayo,Dominican Republic,finance,high school diploma,false,true,false
Antonino Gerdts,49,Real,Gabspot,Brazil,real estate,master's degree,false,true,false
Zahara Whittenbury,66,Forint,Skivee,Hungary,real estate,PhD,true,true,false
Alain Audas,60,Rupiah,Realpoint,Indonesia,real estate,PhD,true,false,true
Gabey Lindop,70,Krona,Skaboo,Sweden,finance,bachelor's degree,true,false,true
Shel Agutter,48,Zloty,Npath,Poland,retail,bachelor's degree,true,false,false
Jephthah Sculley,78,Rupiah,Linkbridge,Indonesia,real estate,bachelor's degree,true,true,true
Allx Ruddle,73,Euro,Yacero,Portugal,finance,bachelor's degree,false,true,false
Inesita Gerauld,79,Rupiah,Skilith,Indonesia,finance,bachelor's degree,false,false,true
Jen Suller,71,Yuan Renminbi,Feednation,China,technology,master's degree,true,true,false
Austin O'Driscole,35,Ruble,Oyondu,Russia,real estate,high school diploma,true,true,false
Tristam Fullylove,88,Euro,Fivebridge,Greece,technology,bachelor's degree,false,false,false
Martyn Maxwaile,58,Shekel,Mybuzz,Palestinian Territory,finance,bachelor's degree,true,true,false
Mable Bale,70,Rupee,Mudo,Pakistan,technology,PhD,true,false,true
Caryn Haseman,64,Rand,Photofeed,South Africa,retail,master's degree,true,false,false
Peg Bonham,51,Peso,Roomm,Philippines,real estate,high school diploma,true,false,false
Gae Raffin,30,Dong,Gigazoom,Vietnam,retail,bachelor's degree,true,true,true
Ernestine Eyres,60,Euro,Skippad,Portugal,finance,high school diploma,true,true,false
Almeria Vigors,69,Yuan Renminbi,Teklist,China,real estate,master's degree,true,true,false
Eulalie Annear,36,Yuan Renminbi,Yakijo,China,retail,high school diploma,true,false,false
Karrie Huxley,78,Euro,Divanoodle,France,technology,master's degree,true,true,false
Ardella Ibell,40,Zloty,Meevee,Poland,finance,PhD,false,true,false
Carling Strauss,66,Yuan Renminbi,Gigashots,China,finance,high school diploma,true,false,false
Waylen Hadgraft,81,Euro,Roomm,Portugal,technology,PhD,true,false,false
Mattie Curran,54,Yuan Renminbi,Blogspan,China,finance,bachelor's degree,false,false,false
Jeffy Dregan,79,Zloty,Yakijo,Poland,retail,master's degree,false,false,true
Layla Edser,75,Yuan Renminbi,Voonder,China,technology,PhD,true,false,false
Danella O'Flynn,47,Peso,Oba,Mexico,real estate,high school diploma,true,true,false
Gran Hinken,82,Rupiah,Eayo,Indonesia,retail,high school diploma,false,false,false
Sofie Jemmett,49,Dollar,Podcat,United States,retail,high school diploma,true,false,false
Phylis Sprouls,90,Ruble,Jaxspan,Russia,technology,master's degree,false,true,true
Hugh Gilcrist,41,Rupiah,Roombo,Indonesia,technology,bachelor's degree,false,false,false
Marci Cassella,90,Peso,Flipbug,Colombia,retail,master's degree,true,false,true
Bride Di Gregorio,58,Ruble,Babbleblab,Russia,finance,bachelor's degree,true,false,true
Eirena Carmody,33,Rial,Zoovu,Yemen,technology,bachelor's degree,false,true,true
Tammi Chartre,68,Rupiah,Shuffletag,Indonesia,retail,bachelor's degree,true,true,false
Mannie Usmar,70,Yuan Renminbi,Ainyx,China,finance,master's degree,false,false,true
Elizabeth McGoon,67,Tugrik,Jazzy,Mongolia,technology,master's degree,false,true,false
Davon Lillywhite,33,Rupiah,Tanoodle,Indonesia,finance,bachelor's degree,false,true,true
Nissa Cullnean,90,Rial,Tazzy,Iran,finance,PhD,false,false,true
Faulkner Lucchi,48,Real,Trilith,Brazil,retail,bachelor's degree,false,false,false
Ainslie Althrop,87,Rupiah,Topiczoom,Indonesia,real estate,bachelor's degree,false,false,false
Cloris Jagson,41,Yuan Renminbi,Feedspan,China,real estate,PhD,false,false,true
Conny Taillant,53,Peso,Oyoba,Philippines,technology,high school diploma,false,true,false
Abramo Sleep,34,Euro,Linktype,Portugal,real estate,master's degree,true,false,false
Raphaela Dunk,42,Euro,Browsezoom,France,technology,master's degree,false,true,true
Celestyn Matchitt,48,Yuan Renminbi,Gigabox,China,finance,PhD,true,true,false
Claus Dresse,35,Ruble,Dynazzy,Russia,technology,bachelor's degree,true,false,false
Abner McAnulty,83,Euro,Gigashots,France,finance,bachelor's degree,true,false,true
Oberon Severn,44,Litas,Dazzlesphere,Lithuania,technology,bachelor's degree,true,true,false
Georgianna Heller,86,Yuan Renminbi,Yambee,China,retail,bachelor's degree,true,true,true
Kahlil Berkley,57,Dollar,Snaptags,United States,real estate,master's degree,false,false,true
Emmalyn Huebner,65,Peso,Jayo,Philippines,retail,high school diploma,false,true,true
Dominik Greenhalf,77,Yen,Miboo,Japan,finance,PhD,true,false,true
Carlyle Finnemore,70,Rupiah,Gigazoom,Indonesia,technology,high school diploma,true,false,false
Orelle Pinyon,49,Rupiah,Zoomlounge,Indonesia,real estate,master's degree,false,true,true
Addy Wimpey,77,Real,Quatz,Brazil,retail,bachelor's degree,true,true,true
Shelby Masden,76,Naira,Einti,Nigeria,finance,master's degree,false,false,true
Franni Phillcock,70,Yuan Renminbi,DabZ,China,technology,master's degree,false,false,false
Sherlocke Arnoll,33,Yuan Renminbi,Feedfire,China,retail,PhD,false,true,true
Bobina Spivey,75,Euro,Realblab,Spain,retail,master's degree,true,true,false
Cirstoforo Nellies,31,Franc,Edgeclub,Switzerland,technology,master's degree,false,true,true
Kaspar Livingston,54,Baht,Eamia,Thailand,finance,high school diploma,false,true,false
Oralie Houdhury,38,Yuan Renminbi,Thoughtmix,China,retail,master's degree,true,true,true
Trix Batty,54,Yuan Renminbi,Jamia,China,real estate,high school diploma,false,false,true
Brandie Durning,66,Rupiah,Trupe,Indonesia,retail,bachelor's degree,false,false,true
Ichabod Mumberson,56,Euro,Dabtype,Germany,finance,master's degree,false,false,true
Bradney Silvester,85,Pound,Twitterlist,United Kingdom,finance,PhD,false,false,true
Weylin Dowsing,42,Shekel,Gabvine,Palestinian Territory,finance,bachelor's degree,true,false,true
Lilith Hammerberger,38,Yuan Renminbi,Wikido,China,finance,master's degree,false,true,true
Webb Seiter,82,Rupiah,Zooveo,Indonesia,real estate,bachelor's degree,false,false,false
Keely Greening,31,Peso,Flashspan,Philippines,finance,PhD,false,true,true
Dacia Sieb,72,Balboa,Mydo,Panama,real estate,master's degree,true,true,true
Lea Heighway,31,Yuan Renminbi,Bubblebox,China,technology,PhD,false,true,false
Thomasa Dufaur,74,Euro,Fatz,France,retail,high school diploma,false,false,false
Baxter Fleet,44,Yuan Renminbi,Jabbersphere,China,technology,PhD,true,false,true
Reiko Donnellan,49,Dollar,Gabvine,Canada,real estate,master's degree,true,false,true
Law Austins,63,Euro,Kayveo,France,technology,bachelor's degree,false,false,true
Belva Manolov,86,Euro,Thoughtworks,France,retail,bachelor's degree,false,true,true
Remy Sneezem,58,Krona,Mymm,Sweden,finance,bachelor's degree,true,true,true
Prentiss Risen,65,Yuan Renminbi,Rooxo,China,retail,bachelor's degree,true,false,true
Bealle Elfes,67,Real,Jaloo,Brazil,finance,PhD,false,false,true
Annabell Robillart,71,Metical,Jamia,Mozambique,real estate,master's degree,true,false,false
Brit Tullot,73,Franc,Bluezoom,Chad,real estate,master's degree,true,true,true
Karol Loomis,74,Dirham,Leexo,Morocco,finance,master's degree,false,false,false
Tedman Durling,90,Ruble,Tanoodle,Russia,retail,PhD,false,false,true
Kip Felkin,42,Peso,Kazio,Philippines,finance,master's degree,false,true,false
Ode Poate,48,Sol,Vidoo,Peru,finance,bachelor's degree,false,false,false
Rollo Quogan,74,Yuan Renminbi,Fivespan,China,retail,PhD,false,true,true
Kory Boncore,56,Yuan Renminbi,Lazz,China,retail,master's degree,true,true,false
Leon Hasney,45,Euro,Vitz,Italy,real estate,PhD,true,false,false
Tammie Blandamore,66,Dollar,Babbleopia,Canada,finance,high school diploma,true,false,false
Blanche Renak,62,Rupee,Demimbu,Mauritius,real estate,high school diploma,false,true,false
Elmore Lyte,34,Yuan Renminbi,Innojam,China,retail,PhD,false,false,false
Phyllis Harcombe,38,Rupiah,Divape,Indonesia,technology,bachelor's degree,false,true,false
Marshal Philipps,59,Hryvnia,Aimbo,Ukraine,real estate,high school diploma,true,false,true
Chad de Guise,52,Dollar,Thoughtbridge,Jamaica,finance,master's degree,false,true,false
Guillema Larvin,43,Tugrik,Dablist,Mongolia,technology,master's degree,true,false,false
Noam Connell,84,Rupiah,Eimbee,Indonesia,finance,bachelor's degree,false,true,false
Matthaeus Tremblay,53,Rupee,Roomm,Sri Lanka,technology,high school diploma,false,true,true
Leonora Van Niekerk,44,Euro,Wordware,Slovenia,technology,master's degree,false,false,true
Minetta Fattori,77,Bolivar,Twinte,Venezuela,retail,master's degree,false,false,true
Pren Cowling,54,Euro,Roomm,Germany,retail,master's degree,false,false,false
Kaile Fullylove,55,Won,Yata,South Korea,technology,PhD,true,false,false
Carol-jean Helkin,83,Ruble,Fivechat,Russia,finance,master's degree,true,true,false
Marjorie Laughren,61,Krona,Dynava,Sweden,real estate,PhD,false,false,false
Ashly Caldairou,43,Dong,Linklinks,Vietnam,real estate,high school diploma,false,false,false
Shelbi Besson,88,Ruble,Divanoodle,Russia,technology,PhD,false,true,false
Willi Pickervance,88,Guilder,Cogidoo,Aruba,finance,master's degree,true,true,true
Nicky Kleinstub,58,Dollar,Skajo,Namibia,technology,master's degree,true,true,true
Sullivan Bleazard,36,Ruble,Dabjam,Russia,technology,high school diploma,true,false,true
Carolina Ducarne,75,Real,Wordtune,Brazil,retail,master's degree,true,false,false
Sydney King,70,Hryvnia,Thoughtstorm,Ukraine,retail,bachelor's degree,true,false,false
Aluino Scotchbourouge,84,Baht,Ntags,Thailand,retail,high school diploma,true,false,false
Purcell Farny,39,Euro,Zoomzone,Ireland,technology,master's degree,true,true,false
Nobie Gajownik,40,Zloty,Pixope,Poland,finance,master's degree,true,false,false
Janet Larkins,84,Cordoba,Latz,Nicaragua,finance,master's degree,true,false,true
Reinold Bisiker,61,Dong,Browsetype,Vietnam,finance,bachelor's degree,false,false,false
Truman Lamacraft,85,Koruna,Trupe,Czech Republic,retail,master's degree,false,false,true
Dusty Daltrey,54,Euro,Kazu,Portugal,technology,master's degree,false,true,false
Charo Washington,61,Lek,Realfire,Albania,finance,high school diploma,false,true,true
Sheffie Westwater,61,Zloty,Kazu,Poland,retail,PhD,true,false,false
Haze Allott,65,Ruble,Viva,Russia,technology,high school diploma,true,false,false
Feliks Raffon,45,Peso,Devpoint,Philippines,finance,high school diploma,true,false,true
Mandel Rief,37,Ruble,DabZ,Russia,technology,bachelor's degree,true,true,false
Herby Doche,63,Naira,Gigazoom,Nigeria,technology,PhD,true,false,false
Alfie Schollar,72,Euro,Quimm,France,retail,master's degree,false,true,false
Vinni Garioch,48,Peso,Dynabox,Mexico,finance,high school diploma,false,true,true
Karissa Curnnok,59,Ruble,Devbug,Russia,retail,master's degree,true,false,true
Adah Howles,44,Peso,Tagchat,Colombia,retail,PhD,false,false,true
Amalia Hallt,68,Koruna,Wordtune,Czech Republic,finance,PhD,false,false,false
Collete Roddick,89,Rupiah,Quinu,Indonesia,retail,high school diploma,false,true,false
Ingaborg Gallardo,68,Sol,Twitterworks,Peru,retail,bachelor's degree,false,true,true
Katinka Cathersides,74,Yen,Flipstorm,Japan,finance,master's degree,true,true,false
Ole Vel,36,Pound,Browsecat,Syria,finance,master's degree,false,false,false
Honor Vlasyuk,59,Real,Vidoo,Brazil,real estate,PhD,false,true,true
Bria Onraet,62,Euro,Fiveclub,France,finance,bachelor's degree,true,true,false
Drew Asp,35,Real,Edgeclub,Brazil,technology,bachelor's degree,true,true,false
Paulina Shapiro,83,Dong,Voonder,Vietnam,retail,master's degree,false,false,true
Nikos Stieger,56,Ruble,Twitternation,Russia,technology,PhD,false,false,false
Saunder Boater,55,Dollar,Tagchat,Canada,technology,PhD,false,false,true
Arlana Fearey,76,Krone,Oyondu,Norway,finance,bachelor's degree,false,false,true
Peirce Elie,37,Rand,Topdrive,South Africa,real estate,bachelor's degree,true,false,true
Hedda Byfield,60,Rupee,Quimba,Pakistan,finance,master's degree,false,true,false
Pacorro Capeling,40,Yuan Renminbi,Tagpad,China,technology,PhD,true,false,false
Will Janodet,76,Ruble,Edgeclub,Russia,retail,PhD,true,false,true
Sosanna Petkov,75,Ruble,Yamia,Russia,finance,high school diploma,true,true,false
Vernor Attree,33,Dinar,Vimbo,Libya,technology,PhD,true,false,true
Jermayne Willmore,63,Peso,Twinder,Colombia,real estate,bachelor's degree,false,true,true
Lind Dutteridge,77,Rial,Quaxo,Iran,retail,high school diploma,true,true,true
Duffy Abriani,84,Peso,Agivu,Mexico,retail,master's degree,true,false,true
Conney Nower,69,Yuan Renminbi,Jaxnation,China,real estate,high school diploma,false,true,true
Deane McCormack,33,Peso,Youspan,Philippines,retail,master's degree,false,false,true
Chaddie Swindlehurst,44,Peso,Shuffletag,Philippines,finance,bachelor's degree,false,true,true
Nariko Aronow,89,Dollar,Vidoo,Canada,real estate,high school diploma,false,true,true
Eadmund Yakebovitch,88,Ruble,Rhynyx,Russia,real estate,PhD,false,false,false
Celinda Cabena,40,Hryvnia,Realblab,Ukraine,technology,PhD,false,false,true
Archaimbaud Dawton,58,Real,Brainlounge,Brazil,retail,PhD,true,false,true
Leoline Terram,52,Koruna,Cogibox,Czech Republic,finance,PhD,true,true,true
Rudie Canti,35,Sol,Dynabox,Peru,finance,PhD,true,false,true
Zorana Keach,44,Rupee,Skinder,Pakistan,finance,bachelor's degree,true,true,true
Cleavland Norcop,68,Koruna,Kare,Czech Republic,retail,high school diploma,false,false,false
Paule Gomar,50,Yuan Renminbi,Chatterpoint,China,technology,bachelor's degree,true,false,true
Laurie Severwright,67,Zloty,Zoomdog,Poland,finance,master's degree,false,true,true
Burtie Playle,79,Pound,Twimbo,Sudan,finance,bachelor's degree,true,false,false
Darby Condie,45,Yuan Renminbi,Edgeclub,China,finance,high school diploma,true,true,true
Rourke Lugg,82,Yuan Renminbi,Rhynyx,China,finance,bachelor's degree,false,false,true
Errol Merida,54,Yuan Renminbi,Fiveclub,China,real estate,high school diploma,true,false,true
Hugo Cohrs,52,Yuan Renminbi,Devpoint,China,real estate,bachelor's degree,false,false,true
Drusilla Park,75,Baht,Skyvu,Thailand,technology,bachelor's degree,false,true,false
Parnell Hellcat,41,Yuan Renminbi,Ozu,China,technology,master's degree,false,true,false
Mickie Rycroft,44,Zloty,Wordtune,Poland,retail,PhD,true,true,false
Gustie D'Onise,87,Krona,Quatz,Sweden,retail,master's degree,true,false,false
Rinaldo Acres,73,Bolivar,Flipstorm,Venezuela,technology,master's degree,false,false,true
Corri Strowan,66,Yuan Renminbi,Npath,China,retail,bachelor's degree,false,false,false
Kelci Bugdall,68,Pula,Realmix,Botswana,retail,master's degree,true,false,false
Lammond Scardifield,43,Peso,Layo,Colombia,real estate,bachelor's degree,false,false,true
Hanny Bolmann,36,Dollar,Zoombox,United States,real estate,bachelor's degree,false,false,true
Arie Espasa,38,Euro,Kanoodle,Portugal,real estate,high school diploma,false,false,true
Angel Cuthill,86,Tenge,Feedmix,Kazakhstan,finance,bachelor's degree,false,true,false
Ollie Buey,66,Dollar,Jaxworks,Canada,technology,PhD,true,false,false
Cullan Mackstead,76,Ruble,Eidel,Russia,real estate,master's degree,true,true,true
Natty Caulket,78,Krona,Yotz,Sweden,real estate,bachelor's degree,false,true,false
Edyth Oleszkiewicz,46,Metical,Feedspan,Mozambique,retail,master's degree,false,true,true
Brandtr De Hooch,48,Krona,Linkbridge,Sweden,retail,PhD,true,true,false
Nyssa Siege,83,Peso,Flipstorm,Philippines,finance,PhD,false,true,false
Dedie Dana,63,Kyat,Myworks,Myanmar,real estate,master's degree,true,false,true
Caril Petrelluzzi,52,Krona,Skinix,Sweden,real estate,PhD,true,true,false
Cati Rowen,50,Yuan Renminbi,Myworks,China,technology,master's degree,true,false,false
Ruthie Swadden,36,Euro,Voonyx,Portugal,real estate,master's degree,false,true,true
Rubetta Lukock,31,Euro,Quamba,Slovenia,real estate,bachelor's degree,true,false,false
Herbert Heeley,42,Yuan Renminbi,Skimia,China,technology,PhD,true,true,true
Mahmud Allom,60,Hryvnia,Kaymbo,Ukraine,retail,bachelor's degree,false,true,true
Kass Yegorkin,53,Zloty,Riffwire,Poland,real estate,PhD,false,true,false
Candida Moro,90,Real,Leenti,Brazil,retail,high school diploma,false,false,true
Bard Laraway,46,Koruna,Voonyx,Czech Republic,retail,PhD,false,true,true
Elvera Leggitt,64,Tenge,Topiczoom,Kazakhstan,retail,master's degree,true,false,true
Koren Fayter,43,Won,Tazzy,North Korea,finance,high school diploma,false,true,true
Emlyn Phinnis,55,Real,Oyoba,Brazil,retail,high school diploma,false,true,true
Jessamine Ovitts,53,Krona,Centimia,Sweden,retail,high school diploma,true,false,false
Travis Mattingley,46,Pound,Tagpad,Syria,technology,bachelor's degree,true,true,true
Thorstein Malling,58,Yuan Renminbi,Brainlounge,China,retail,master's degree,true,true,false
Joell Huggon,82,Manat,Meeveo,Azerbaijan,retail,high school diploma,true,true,false
Lucian McLachlan,75,Krona,Fivebridge,Sweden,retail,PhD,false,true,false
Corette Mullaney,81,Rupiah,Oyoba,Indonesia,retail,master's degree,true,false,false
Claudine Cubley,69,Krona,Skajo,Sweden,retail,master's degree,true,false,true
Melloney Fiveash,57,Bolivar,Fivebridge,Venezuela,technology,bachelor's degree,true,true,false
Bertha Berfoot,44,Euro,Pixonyx,Greece,real estate,PhD,true,true,false
Delly Fallowes,70,Dollar,Mymm,Saint Lucia,technology,high school diploma,false,false,true
Doll Rennebach,72,Peso,Rhyzio,Philippines,retail,PhD,false,true,true
Vachel Burdin,84,Krona,Mydeo,Sweden,retail,high school diploma,false,true,false
Tamra Witcher,49,Shilling,Gigashots,Kenya,finance,bachelor's degree,true,true,false
Dorolisa Anster,54,Euro,Yoveo,Netherlands,retail,master's degree,false,true,false
Romona Kilshall,71,Lempira,Yambee,Honduras,real estate,PhD,true,true,true
Chrissie Cockran,82,Peso,Blognation,Argentina,technology,high school diploma,false,true,true
Gwenny Wadeling,81,Dinar,Yodo,Tunisia,real estate,high school diploma,true,false,true
Vanna Kaindl,51,Rupiah,Skipfire,Indonesia,real estate,PhD,true,false,false
Leland Errowe,75,Euro,Fanoodle,Ireland,finance,PhD,true,false,false
Melosa Docket,52,Denar,Kamba,Macedonia,finance,PhD,false,true,false
Georgiana Crosbie,37,Koruna,Youbridge,Czech Republic,finance,master's degree,true,false,true
Irina Peagram,64,Krona,Digitube,Sweden,retail,master's degree,false,true,false
Flore McGibbon,43,Dollar,Babbleset,Marshall Islands,retail,bachelor's degree,false,true,false
Margaux Bamblett,71,Manat,Trunyx,Azerbaijan,real estate,high school diploma,true,true,false
Albertine Kildea,60,Yuan Renminbi,Jabbertype,China,finance,bachelor's degree,false,true,false
Bradford Feeham,55,Real,Eabox,Brazil,technology,master's degree,true,false,true
Cesare Le Maitre,83,Euro,Buzzbean,Portugal,technology,master's degree,false,false,true
Ingeberg Swinfon,31,Euro,Aimbu,Ireland,finance,master's degree,true,false,true
Amity Divina,50,Shilling,Myworks,Tanzania,real estate,bachelor's degree,true,true,false
Haydon Drei,31,Peso,Kwimbee,Mexico,retail,bachelor's degree,true,false,false
Kelby Elleray,67,Yen,Wordify,Japan,technology,master's degree,true,true,false
Judon Sawyer,44,Rupiah,Blogtags,Indonesia,technology,high school diploma,true,true,false
Worthy Antcliff,49,Hryvnia,Bubbletube,Ukraine,finance,master's degree,true,false,false
Olivero Whife,44,Peso,Photofeed,Argentina,real estate,master's degree,false,true,false
Sayers Bogace,67,Euro,Brainlounge,Netherlands,retail,bachelor's degree,false,false,false
Dulcinea Sturgess,65,Shilling,Yakitri,Tanzania,real estate,PhD,false,true,true
Wald Osipenko,82,Peso,Thoughtbeat,Philippines,technology,high school diploma,false,false,true
Kevin Searles,54,Rupiah,Brainsphere,Indonesia,technology,high school diploma,true,true,false
Cesaro Tapton,62,Shekel,Tagopia,Palestinian Territory,retail,master's degree,true,false,true
Barnabas Cogdell,41,Franc,Meetz,Democratic Republic of the Congo,finance,PhD,true,true,true
Guss Sobey,59,Ruble,Dabvine,Russia,finance,PhD,true,false,true
Robina Grichukhin,30,Rupiah,Brightbean,Indonesia,technology,PhD,false,true,false
Lydia Pilbury,43,Real,Topiczoom,Brazil,real estate,PhD,false,false,false
Moyra Le - Count,74,Peso,Abata,Philippines,technology,PhD,true,true,true
Jackqueline Neller,77,Euro,Eayo,Finland,real estate,bachelor's degree,false,false,true
Tabbitha Kryszkiecicz,63,Euro,Trudeo,Portugal,retail,high school diploma,true,false,false
Padget Meldon,85,Rupiah,Trupe,Indonesia,real estate,master's degree,false,false,false
Jordanna Scally,73,Ruble,Avamba,Russia,retail,bachelor's degree,true,true,true
Ranice Feathersby,36,Yuan Renminbi,Edgewire,China,technology,PhD,false,false,true
Carmine Letford,31,Yuan Renminbi,Skiba,China,retail,PhD,true,false,true
Jayme Ferrone,51,Yuan Renminbi,Eamia,China,finance,PhD,true,true,true
Moria Verdun,69,Yuan Renminbi,Photospace,China,technology,high school diploma,true,true,false
Wells Ivchenko,83,Krone,Blogtags,Norway,finance,master's degree,false,true,false
Britney Glennard,68,Peso,Gabspot,Philippines,technology,high school diploma,true,true,true
Bobbie McConway,82,Peso,Jaxnation,Philippines,finance,PhD,false,true,false
Tandy Indge,38,Bolivar,Centizu,Venezuela,real estate,high school diploma,true,false,false
Ailina Heffron,52,Yuan Renminbi,Trudeo,China,real estate,master's degree,true,false,false
Binni Goard,58,Euro,Skyndu,Greece,finance,high school diploma,true,true,false
Renata Ketchell,51,Euro,Flashdog,Netherlands,retail,master's degree,false,true,true
Nicolas McAleese,44,Sol,Topicware,Peru,real estate,high school diploma,false,true,false
Tobey Tabbernor,60,Euro,Abatz,Portugal,technology,high school diploma,false,false,false
Leonard Skeats,65,Ruble,DabZ,Russia,finance,PhD,false,false,false
Vallie Poetz,86,Yuan Renminbi,Ozu,China,retail,master's degree,false,false,false
Jay Farlambe,46,Euro,Demivee,Slovenia,retail,master's degree,false,false,false
Teodor Valentin,87,Rupiah,Twinder,Indonesia,technology,master's degree,false,false,true
